<Ui xmlns="http://www.blizzard.com/wow/ui/" xmlns:xsi="http://www.w3.org/2001/XMLSchema-instance" xsi:schemaLocation="http://www.blizzard.com/wow/ui/ ..\FrameXML\UI.xsd">
	<Script file="Libs\LibStub\LibStub.lua"/>
    <Include file="Libs\AceAddon-3.0\AceAddon-3.0.lua"/>
	<Include file="Libs\AceConsole-3.0\AceConsole-3.0.lua"/>
	<Include file="Libs\AceHook-3.0\AceHook-3.0.lua"/>
	<!-- <Include file="Libs\AceGUI-3.0\AceGUI-3.0.lua"/> -->
	<!-- <Include file="Libs\CallbackHandler-1.0\CallbackHandler-1.0.lua"/> -->
	<!-- <Include file="Libs\LibDBIcon-1.0\LibDBIcon-1.0.lua"/> -->
	<!-- <Include file="Libs\LibCompress\LibCompress.lua"/> -->
	<!-- <Include file="Libs\AceSerializer-3.0\AceSerializer-3.0.lua"/> -->
</Ui>